{"cameraMode":{"drawMode":0,"name":"Shaded","section":"Shading Mode"},"sceneLighting":false,"audioPlay":false,"sceneViewState":{"showFog":false,"showMaterialUpdate":false,"showSkybox":false,"showFlares":false,"showImageEffects":false,"showParticleSystems":false},"in2DMode":false,"pivot":{"x":0.29783016443252566,"y":-2.1840672492980959,"z":4.1328125},"rotation":{"x":-0.03459649905562401,"y":0.10831788927316666,"z":-0.0037770033814013006,"w":-0.9935069680213928},"size":17.71137237548828,"orthographic":false}